phrase,code
what is the current air pressure measured by ruuvitag ?,ruuvitag.readProperty('pressure');
what is the air pressure value in ruuvitag right now ?,ruuvitag.readProperty('pressure');
how is the air pressure value according to ruuvitag ?,ruuvitag.readProperty('pressure');
what is air pressure value the ruuvitag showing ?,ruuvitag.readProperty('pressure');
check the air pressure measurement in ruuvitag .,ruuvitag.readProperty('pressure');
check ruuvitag air pressure value .,ruuvitag.readProperty('pressure');
show me the air pressure intensity level according to ruuvitag .,ruuvitag.readProperty('pressure');
show the air pressure value based on ruuvitag .,ruuvitag.readProperty('pressure');
read the air pressure measurement in ruuvitag .,ruuvitag.readProperty('pressure');
tell me the air pressure measurement of ruuvitag .,ruuvitag.readProperty('pressure');
I want to know the air pressure of ruuvitag .,ruuvitag.readProperty('pressure');
give me the air pressure reading from ruuvitag .,ruuvitag.readProperty('pressure');
what is the current acceleration measured by ruuvitag ?,ruuvitag.readProperty('acceleration');
what is the acceleration value in ruuvitag right now ?,ruuvitag.readProperty('acceleration');
how is the acceleration value according to ruuvitag ?,ruuvitag.readProperty('acceleration');
what is acceleration value the ruuvitag showing ?,ruuvitag.readProperty('acceleration');
check the acceleration measurement in ruuvitag .,ruuvitag.readProperty('acceleration');
check ruuvitag acceleration value .,ruuvitag.readProperty('acceleration');
show me the acceleration intensity level according to ruuvitag .,ruuvitag.readProperty('acceleration');
show the acceleration value based on ruuvitag .,ruuvitag.readProperty('acceleration');
read the acceleration measurement in ruuvitag .,ruuvitag.readProperty('acceleration');
tell me the acceleration measurement of ruuvitag .,ruuvitag.readProperty('acceleration');
I want to know the acceleration of ruuvitag .,ruuvitag.readProperty('acceleration');
give me the acceleration reading from ruuvitag .,ruuvitag.readProperty('acceleration');
what is the current battery measured by ruuvitag ?,ruuvitag.readProperty('battery');
what is the battery value in ruuvitag right now ?,ruuvitag.readProperty('battery');
how is the battery value according to ruuvitag ?,ruuvitag.readProperty('battery');
what is battery value the ruuvitag showing ?,ruuvitag.readProperty('battery');
check the battery measurement in ruuvitag .,ruuvitag.readProperty('battery');
check ruuvitag battery value .,ruuvitag.readProperty('battery');
show me the battery intensity level according to ruuvitag .,ruuvitag.readProperty('battery');
show the battery value based on ruuvitag .,ruuvitag.readProperty('battery');
read the battery measurement in ruuvitag .,ruuvitag.readProperty('battery');
tell me the battery measurement of ruuvitag .,ruuvitag.readProperty('battery');
I want to know the battery of ruuvitag .,ruuvitag.readProperty('battery');
give me the battery reading from ruuvitag .,ruuvitag.readProperty('battery');
what is the current txpower measured by ruuvitag ?,ruuvitag.readProperty('txpower');
what is the txpower value in ruuvitag right now ?,ruuvitag.readProperty('txpower');
how is the txpower value according to ruuvitag ?,ruuvitag.readProperty('txpower');
what is txpower value the ruuvitag showing ?,ruuvitag.readProperty('txpower');
check the txpower measurement in ruuvitag .,ruuvitag.readProperty('txpower');
check ruuvitag txpower value .,ruuvitag.readProperty('txpower');
show me the txpower intensity level according to ruuvitag .,ruuvitag.readProperty('txpower');
show the txpower value based on ruuvitag .,ruuvitag.readProperty('txpower');
read the txpower measurement in ruuvitag .,ruuvitag.readProperty('txpower');
tell me the txpower measurement of ruuvitag .,ruuvitag.readProperty('txpower');
I want to know the txpower of ruuvitag .,ruuvitag.readProperty('txpower');
give me the txpower reading from ruuvitag .,ruuvitag.readProperty('txpower');
what is the current movement counter measured by ruuvitag ?,ruuvitag.readProperty('movement_counter');
what is the movement counter value in ruuvitag right now ?,ruuvitag.readProperty('movement_counter');
how is the movement counter value according to ruuvitag ?,ruuvitag.readProperty('movement_counter');
what is movement counter value the ruuvitag showing ?,ruuvitag.readProperty('movement_counter');
check the movement counter measurement in ruuvitag .,ruuvitag.readProperty('movement_counter');
check ruuvitag movement counter value .,ruuvitag.readProperty('movement_counter');
show me the movement counter intensity level according to ruuvitag .,ruuvitag.readProperty('movement_counter');
show the movement counter value based on ruuvitag .,ruuvitag.readProperty('movement_counter');
read the movement counter measurement in ruuvitag .,ruuvitag.readProperty('movement_counter');
tell me the movement counter measurement of ruuvitag .,ruuvitag.readProperty('movement_counter');
I want to know the movement counter of ruuvitag .,ruuvitag.readProperty('movement_counter');
give me the movement counter reading from ruuvitag .,ruuvitag.readProperty('movement_counter');
what is the current measurement sequence number measured by ruuvitag ?,ruuvitag.readProperty('measurement_sequence_number');
what is the measurement sequence number value in ruuvitag right now ?,ruuvitag.readProperty('measurement_sequence_number');
how is the measurement sequence number value according to ruuvitag ?,ruuvitag.readProperty('measurement_sequence_number');
what is measurement sequence number value the ruuvitag showing ?,ruuvitag.readProperty('measurement_sequence_number');
check the measurement sequence number measurement in ruuvitag .,ruuvitag.readProperty('measurement_sequence_number');
check ruuvitag measurement sequence number value .,ruuvitag.readProperty('measurement_sequence_number');
show me the measurement sequence number intensity level according to ruuvitag .,ruuvitag.readProperty('measurement_sequence_number');
show the measurement sequence number value based on ruuvitag .,ruuvitag.readProperty('measurement_sequence_number');
read the measurement sequence number measurement in ruuvitag .,ruuvitag.readProperty('measurement_sequence_number');
tell me the measurement sequence number measurement of ruuvitag .,ruuvitag.readProperty('measurement_sequence_number');
I want to know the measurement sequence number of ruuvitag .,ruuvitag.readProperty('measurement_sequence_number');
give me the measurement sequence number reading from ruuvitag .,ruuvitag.readProperty('measurement_sequence_number');
tell me the current air pressure measured by ruuvitag?,ruuvitag.readProperty('pressure');
can you list the current air pressure measured by ruuvitag?,ruuvitag.readProperty('pressure');
what is current air pressure measured by ruuvitag?,ruuvitag.readProperty('pressure');
what is the current air pressure measured by ruuvitag?,ruuvitag.readProperty('pressure');
tell me the value of air pressure in ruuvitag?,ruuvitag.readProperty('pressure');
show me the pressure in ruuvitag right now?,ruuvitag.readProperty('pressure');
tell me the air pressure in ruuvitag right now?,ruuvitag.readProperty('pressure');
what's the air pressure value in ruuvitag right now?,ruuvitag.readProperty('pressure');
what is the air pressure value in ruuvitag right now?,ruuvitag.readProperty('pressure');
show me the value of air pressure in ruuvitag?,ruuvitag.readProperty('pressure');
how is the air pressure according to ruuvitag?,ruuvitag.readProperty('pressure');
tell me the air pressure of the ruuvitag?,ruuvitag.readProperty('pressure');
show me the air pressure value of ruuvitag?,ruuvitag.readProperty('pressure');
what is air pressure ruuvitag showing?,ruuvitag.readProperty('pressure');
what's the air pressure value the ruuvitag shows?,ruuvitag.readProperty('pressure');
check air pressure in ruuvitag,ruuvitag.readProperty('pressure');
take a look at the air pressure in ruuvitag,ruuvitag.readProperty('pressure');
check the air pressure in ruuvitag,ruuvitag.readProperty('pressure');
verify air pressure measurement in ruuvitag,ruuvitag.readProperty('pressure');
check the air pressure measurement in ruuvitag,ruuvitag.readProperty('pressure');
check air pressure ruuvitag,ruuvitag.readProperty('pressure');
check the air pressure value ruuvitag,ruuvitag.readProperty('pressure');
ruuvitag air pressure,ruuvitag.readProperty('pressure');
check ruuvitag air pressure,ruuvitag.readProperty('pressure');
show me the air pressure intensity according to ruuvitag,ruuvitag.readProperty('pressure');
show air pressure based on ruuvitag,ruuvitag.readProperty('pressure');
show a air pressure value based on ruuvitag,ruuvitag.readProperty('pressure');
show the air pressure value based on ruuvitag,ruuvitag.readProperty('pressure');
see the air pressure measurements in the ruuvitag,ruuvitag.readProperty('pressure');
read air pressure measurement in ruuvitag,ruuvitag.readProperty('pressure');
read the air pressure measurement in ruuvitag,ruuvitag.readProperty('pressure');
give me a measure of the air pressure in ruuvitag,ruuvitag.readProperty('pressure');
tell me the air pressure of ruuvitag,ruuvitag.readProperty('pressure');
tell me the air pressure measurement of ruuvitag,ruuvitag.readProperty('pressure');
can you tell me the air pressure measurement of ruuvitag?,ruuvitag.readProperty('pressure');
tell me the air pressure of ruuvitag?,ruuvitag.readProperty('pressure');
i'd like to know the air pressure of ruuvitag,ruuvitag.readProperty('pressure');
i want to know the air pressure of ruuvitag,ruuvitag.readProperty('pressure');
give me the pressure of the air from ruuvitag,ruuvitag.readProperty('pressure');
give me a reading of the air pressure from ruuvitag,ruuvitag.readProperty('pressure');
give me an air pressure reading from ruuvitag,ruuvitag.readProperty('pressure');
give me the air pressure reading from ruuvitag,ruuvitag.readProperty('pressure');
can you give me the air pressure reading from ruuvitag,ruuvitag.readProperty('pressure');
tell me the current acceleration measured by ruuvitag?,ruuvitag.readProperty('acceleration');
can you list the current acceleration measured by ruuvitag?,ruuvitag.readProperty('acceleration');
what is current acceleration measured by ruuvitag?,ruuvitag.readProperty('acceleration');
what is the current acceleration measured by ruuvitag?,ruuvitag.readProperty('acceleration');
tell me the acceleration value of ruuvitag right now?,ruuvitag.readProperty('acceleration');
tell me the acceleration value in ruuvitag right now?,ruuvitag.readProperty('acceleration');
what's the acceleration value in ruuvitag right now?,ruuvitag.readProperty('acceleration');
how does ruuvitag calculate acceleration?,ruuvitag.readProperty('acceleration');
tell me the acceleration value in ruuvitag?,ruuvitag.readProperty('acceleration');
what's the acceleration value according to ruuvitag?,ruuvitag.readProperty('acceleration');
how is the acceleration value according to ruuvitag?,ruuvitag.readProperty('acceleration');
what is the acceleration value of the ruuvitag?,ruuvitag.readProperty('acceleration');
what acceleration value is ruuvitag showing?,ruuvitag.readProperty('acceleration');
what's the acceleration value of the ruuvitag showing?,ruuvitag.readProperty('acceleration');
check acceleration in ruuvitag,ruuvitag.readProperty('acceleration');
check the acceleration in ruuvitag,ruuvitag.readProperty('acceleration');
see if the acceleration is measured in the ruuvitag,ruuvitag.readProperty('acceleration');
check the acceleration measurement in ruuvitag,ruuvitag.readProperty('acceleration');
check the acceleration of the ruuvitag,ruuvitag.readProperty('acceleration');
check the acceleration value of ruuvitag,ruuvitag.readProperty('acceleration');
check acceleration value ruuvitag,ruuvitag.readProperty('acceleration');
ruuvitag acceleration value,ruuvitag.readProperty('acceleration');
check ruuvitag acceleration value,ruuvitag.readProperty('acceleration');
show me the intensity of the acceleration according to ruuvitag,ruuvitag.readProperty('acceleration');
show me the acceleration intensity according to ruuvitag,ruuvitag.readProperty('acceleration');
can you show me the acceleration intensity according to ruuvitag,ruuvitag.readProperty('acceleration');
please show me the acceleration intensity according to ruuvitag,ruuvitag.readProperty('acceleration');
show the acceleration value based on ruuvitag,ruuvitag.readProperty('acceleration');
take a look at acceleration in ruuvitag,ruuvitag.readProperty('acceleration');
read the acceleration in ruuvitag,ruuvitag.readProperty('acceleration');
see acceleration measurement in ruuvitag,ruuvitag.readProperty('acceleration');
read the acceleration measurement in ruuvitag,ruuvitag.readProperty('acceleration');
tell me the acceleration of ruuvitag,ruuvitag.readProperty('acceleration');
tell me the acceleration measurement of ruuvitag,ruuvitag.readProperty('acceleration');
can you tell me the acceleration measurement of ruuvitag?,ruuvitag.readProperty('acceleration');
i'd like to know the acceleration of ruuvitag,ruuvitag.readProperty('acceleration');
i want to know the acceleration of ruuvitag,ruuvitag.readProperty('acceleration');
give me a speed reading from ruuvitag,ruuvitag.readProperty('acceleration');
give me an acceleration read of the ruuvitag,ruuvitag.readProperty('acceleration');
give me the acceleration reading from ruuvitag,ruuvitag.readProperty('acceleration');
tell me the current of the battery measured by ruuvitag?,ruuvitag.readProperty('battery');
what's the current of the battery measured by ruuvitag?,ruuvitag.readProperty('battery');
what is a current battery measured by ruuvitag?,ruuvitag.readProperty('battery');
show me the value of battery in ruuvitag right now?,ruuvitag.readProperty('battery');
tell me the battery value of the ruuvitag right now?,ruuvitag.readProperty('battery');
what's the battery value in the ruuvitag right now?,ruuvitag.readProperty('battery');
what is the battery value in ruuvitag right now?,ruuvitag.readProperty('battery');
how does ruuvitag calculate the battery value?,ruuvitag.readProperty('battery');
tell me the battery value in ruuvitag?,ruuvitag.readProperty('battery');
tell me the battery value on ruuvitag?,ruuvitag.readProperty('battery');
show me the battery value of the ruuvitag?,ruuvitag.readProperty('battery');
what's the battery value of the ruuvitag?,ruuvitag.readProperty('battery');
what battery value is ruuvitag showing?,ruuvitag.readProperty('battery');
check the battery in ruuvitag,ruuvitag.readProperty('battery');
make sure the battery is measured in ruuvitag,ruuvitag.readProperty('battery');
check the battery measurement in ruuvitag,ruuvitag.readProperty('battery');
check battery value ruuvitag,ruuvitag.readProperty('battery');
check the battery value ruuvitag,ruuvitag.readProperty('battery');
ruuvitag battery value,ruuvitag.readProperty('battery');
check ruuvitag battery value,ruuvitag.readProperty('battery');
display the battery value on ruuvitag,ruuvitag.readProperty('battery');
show the battery value based on ruuvitag,ruuvitag.readProperty('battery');
take a look at the battery in ruuvitag,ruuvitag.readProperty('battery');
see the battery measurements in ruuvitag,ruuvitag.readProperty('battery');
give me a measure of the battery of ruuvitag,ruuvitag.readProperty('battery');
show me how much battery is in ruuvitag,ruuvitag.readProperty('battery');
give me a battery reading from ruuvitag,ruuvitag.readProperty('battery');
give me the battery reading from ruuvitag,ruuvitag.readProperty('battery');
show the current txpower measured by ruuvitag?,ruuvitag.readProperty('txpower');
tell me the current txpower measured by ruuvitag?,ruuvitag.readProperty('txpower');
what is current txpower measured by ruuvitag?,ruuvitag.readProperty('txpower');
what's the current txpower measured by ruuvitag?,ruuvitag.readProperty('txpower');
tell me the power of ruuvitag right now?,ruuvitag.readProperty('txpower');
what's the txpower value in ruuvitag right now?,ruuvitag.readProperty('txpower');
tell me the value of txpower in ruuvitag?,ruuvitag.readProperty('txpower');
how does txpower work in ruuvitag?,ruuvitag.readProperty('txpower');
how is txpower calculated according to ruuvitag?,ruuvitag.readProperty('txpower');
how is the txpower value according to ruuvitag?,ruuvitag.readProperty('txpower');
show me the power of txpower?,ruuvitag.readProperty('txpower');
what are txpower values in the ruuvitag?,ruuvitag.readProperty('txpower');
what is the txpower value of the ruuvitag?,ruuvitag.readProperty('txpower');
what's the txpower value of the ruuvitag showing?,ruuvitag.readProperty('txpower');
check txpower in ruuvitag,ruuvitag.readProperty('txpower');
check the power tx in the ruuvitag,ruuvitag.readProperty('txpower');
check the txpower in ruuvitag,ruuvitag.readProperty('txpower');
ruuvitag txpower,ruuvitag.readProperty('txpower');
verify the value of ruuvitag txpower,ruuvitag.readProperty('txpower');
check ruuvitag txpower,ruuvitag.readProperty('txpower');
check the ruuvitag txpower value,ruuvitag.readProperty('txpower');
check ruuvitag txpower value,ruuvitag.readProperty('txpower');
show the txpower value based on ruuvitag,ruuvitag.readProperty('txpower');
see the power tx in ruuvitag,ruuvitag.readProperty('txpower');
read the txpower measurement in ruuvitag,ruuvitag.readProperty('txpower');
you can read the txpower measurement in ruuvitag,ruuvitag.readProperty('txpower');
tell me the power of ruuvitag txpower,ruuvitag.readProperty('txpower');
give me the tx power measurement of ruuvitag,ruuvitag.readProperty('txpower');
i'd like to know the power of ruuvitag,ruuvitag.readProperty('txpower');
i want to know the power of ruuvitag,ruuvitag.readProperty('txpower');
give me the txpower reading from ruuvitag,ruuvitag.readProperty('txpower');
can you list the movements of the counter value in ruuvitag right now?,ruuvitag.readProperty('movement_counter');
how does ruuvitag calculate the movement counter value?,ruuvitag.readProperty('movement_counter');
what is the movement counter value of the ruuvitag?,ruuvitag.readProperty('movement_counter');
what's the movement counter value of the ruuvitag showing?,ruuvitag.readProperty('movement_counter');
check the movement counter in ruuvitag,ruuvitag.readProperty('movement_counter');
the movement counter measurement is in ruuvitag,ruuvitag.readProperty('movement_counter');
check the movement counter measurement in ruuvitag,ruuvitag.readProperty('movement_counter');
check the ruuvitag movement counter value,ruuvitag.readProperty('movement_counter');
you can read the movement counter in ruuvitag,ruuvitag.readProperty('movement_counter');
see movement counter measurement in ruuvitag,ruuvitag.readProperty('movement_counter');
give me a reading of the movement counter from ruuvitag,ruuvitag.readProperty('movement_counter');
tell me the current sequence number measured by ruuvitag?,ruuvitag.readProperty('measurement_sequence_number');
show the current measurement sequence numbers measured by ruuvitag?,ruuvitag.readProperty('measurement_sequence_number');
what's the current measurement sequence number measured by ruuvitag?,ruuvitag.readProperty('measurement_sequence_number');
what is the current measurement sequence number measured by ruuvitag?,ruuvitag.readProperty('measurement_sequence_number');
tell me the value of the sequence number in ruuvitag?,ruuvitag.readProperty('measurement_sequence_number');
show the sequence number values in ruuvitag right now?,ruuvitag.readProperty('measurement_sequence_number');
tell me the number of measurements in sequences that the ruuvitag shows?,ruuvitag.readProperty('measurement_sequence_number');
tell me the value of the sequence number in the ruuvitag?,ruuvitag.readProperty('measurement_sequence_number');
the sequence number of the measurement in ruuvitag,ruuvitag.readProperty('measurement_sequence_number');
check the measurement sequence number in ruuvitag,ruuvitag.readProperty('measurement_sequence_number');
check the sequence number measurement in ruuvitag,ruuvitag.readProperty('measurement_sequence_number');
verify the sequence number of the ruuvitag measurement,ruuvitag.readProperty('measurement_sequence_number');
ruuvitag measurement sequence number,ruuvitag.readProperty('measurement_sequence_number');
check ruuvitag - measurement sequence number,ruuvitag.readProperty('measurement_sequence_number');
check the ruuvitag measurement sequence number,ruuvitag.readProperty('measurement_sequence_number');
take a look at the measurement sequence number in ruuvitag,ruuvitag.readProperty('measurement_sequence_number');
give me a measurement sequence number ruuvitag,ruuvitag.readProperty('measurement_sequence_number');
i would like to know the measurement sequence number of ruuvitag,ruuvitag.readProperty('measurement_sequence_number');
i want to know the measurement sequence number of ruuvitag,ruuvitag.readProperty('measurement_sequence_number');
give me the sequence number of the measurement from ruuvitag,ruuvitag.readProperty('measurement_sequence_number');
can you give me the sequence number of the measurement from ruuvitag,ruuvitag.readProperty('measurement_sequence_number');
give me a sequence number reading from ruuvitag,ruuvitag.readProperty('measurement_sequence_number');
give me the measurement sequence number from ruuvitag,ruuvitag.readProperty('measurement_sequence_number');
can you tell me the current air pressure measured by ruuvitag?,ruuvitag.readProperty('pressure');
list the current air pressure measured by ruuvitag?,ruuvitag.readProperty('pressure');
can you list the air pressure measured by ruuvitag?,ruuvitag.readProperty('pressure');
what is air pressure measured by ruuvitag?,ruuvitag.readProperty('pressure');
show the air pressures measured in the ruvivag?,ruuvitag.readProperty('pressure');
what's the current air pressure measured by ruuvitag?,ruuvitag.readProperty('pressure');
tell me what is air pressure in ruuvitag?,ruuvitag.readProperty('pressure');
can you tell me the value of air pressure in ruuvitag?,ruuvitag.readProperty('pressure');
show me the pressure in the ruuvitag right now?,ruuvitag.readProperty('pressure');
show me the pressure on ruuvitag right now?,ruuvitag.readProperty('pressure');
can you show me the pressure in ruuvitag right now?,ruuvitag.readProperty('pressure');
show me air pressure in the ruuvitag?,ruuvitag.readProperty('pressure');
give me the air pressure in the ruuvitag right now?,ruuvitag.readProperty('pressure');
tell me the pressure in ruuvitag right now?,ruuvitag.readProperty('pressure');
can you tell me the air pressure in the ruuvitag right now?,ruuvitag.readProperty('pressure');
show me the air pressure in ruuvitag right now?,ruuvitag.readProperty('pressure');
show the air pressure values in the ruuvitag?,ruuvitag.readProperty('pressure');
tell me the value of air pressure in the ruuvitag right now?,ruuvitag.readProperty('pressure');
can someone tell me the air pressure value in the ruuvitag?,ruuvitag.readProperty('pressure');
show me the air pressure in ruuvitag?,ruuvitag.readProperty('pressure');
can you show me the value of air pressure in ruuvitag?,ruuvitag.readProperty('pressure');
how does ruuvitag calculate air pressure?,ruuvitag.readProperty('pressure');
tell me the pressure of the ruuvitag?,ruuvitag.readProperty('pressure');
show me the air pressure on the ruuvitag?,ruuvitag.readProperty('pressure');
can you tell me the air pressure of the ruuvitag?,ruuvitag.readProperty('pressure');
show me the air pressure of ruuvitag?,ruuvitag.readProperty('pressure');
can you show me the air pressure value of ruuvitag?,ruuvitag.readProperty('pressure');
tell me the air pressure in the ruuvitag?,ruuvitag.readProperty('pressure');
what's the air pressure ruuvitag showing?,ruuvitag.readProperty('pressure');
what is air pressure?,ruuvitag.readProperty('pressure');
show me the air pressure value?,ruuvitag.readProperty('pressure');
tell me the air pressure value of the ruuvitag?,ruuvitag.readProperty('pressure');
what's the air pressure value that the ruuvitag shows?,ruuvitag.readProperty('pressure');
air pressure in ruuvitag,ruuvitag.readProperty('pressure');
check the air pressure in the ruuvitag,ruuvitag.readProperty('pressure');
check air pressure in the ruuvitag,ruuvitag.readProperty('pressure');
look at the pressure in ruuvitag,ruuvitag.readProperty('pressure');
look at the air pressure in ruuvitag,ruuvitag.readProperty('pressure');
take a look at the pressure in ruuvitag,ruuvitag.readProperty('pressure');
check pressure in ruuvitag,ruuvitag.readProperty('pressure');
check the air pressure measurements in the ruuvitag,ruuvitag.readProperty('pressure');
confirm air pressure measurements in ruuvitag,ruuvitag.readProperty('pressure');
verify the air pressure measurement in ruuvitag,ruuvitag.readProperty('pressure');
verify air pressure measurement in the ruuvitag,ruuvitag.readProperty('pressure');
check the air pressure measurement in the ruuvitag,ruuvitag.readProperty('pressure');
air pressure check,ruuvitag.readProperty('pressure');
check air pressure,ruuvitag.readProperty('pressure');
check pressure ruuvitag,ruuvitag.readProperty('pressure');
check the air pressure ruuvitag,ruuvitag.readProperty('pressure');
check the ruuvitag air pressure,ruuvitag.readProperty('pressure');
check air pressure value ruuvitag,ruuvitag.readProperty('pressure');
air pressure,ruuvitag.readProperty('pressure');
the air pressure,ruuvitag.readProperty('pressure');
ruuvitag pressure,ruuvitag.readProperty('pressure');
check the air pressure,ruuvitag.readProperty('pressure');
please show air pressure intensity according to ruuvitag,ruuvitag.readProperty('pressure');
show air pressure on ruuvitag,ruuvitag.readProperty('pressure');
display the air pressure based on ruuvitag,ruuvitag.readProperty('pressure');
show a value of air pressure based on ruuvitag,ruuvitag.readProperty('pressure');
display air pressure values based on ruuvitag,ruuvitag.readProperty('pressure');
show an air pressure value based on the ruuvitag,ruuvitag.readProperty('pressure');
show a pressure value based on ruuvitag,ruuvitag.readProperty('pressure');
display a air pressure value based on the ruuvitag,ruuvitag.readProperty('pressure');
show the air pressure value based on the ruuvitag,ruuvitag.readProperty('pressure');
ruuvitag air pressure measurements,ruuvitag.readProperty('pressure');
see air pressure measurements in the ruuvitag,ruuvitag.readProperty('pressure');
refer to the air pressure measurements in the ruuvitag,ruuvitag.readProperty('pressure');
ruuvitag air pressure measurement,ruuvitag.readProperty('pressure');
read the air pressure measurements in the ruuvitag,ruuvitag.readProperty('pressure');
read air pressure measurements in the ruuvitag,ruuvitag.readProperty('pressure');
read the air pressure measurement in the ruuvitag,ruuvitag.readProperty('pressure');
give me the air pressure in ruuvitag,ruuvitag.readProperty('pressure');
give me an estimate of the pressure in ruuvitag,ruuvitag.readProperty('pressure');
give a measure of air pressure in the ruuvitag,ruuvitag.readProperty('pressure');
give me a measurement of air pressure in ruuvitag,ruuvitag.readProperty('pressure');
tell me what the air pressure of the ruuvitag,ruuvitag.readProperty('pressure');
tell me the pressure of ruuvitag,ruuvitag.readProperty('pressure');
tell me the air pressure of the ruuvitag,ruuvitag.readProperty('pressure');
tell me the air pressure measurement of the ruuvitag,ruuvitag.readProperty('pressure');
can you give me a measurement of the air pressure of ruuvitag?,ruuvitag.readProperty('pressure');
can you tell me the air pressure of ruuvitag?,ruuvitag.readProperty('pressure');
tell me what the air pressure of the ruuvitag is?,ruuvitag.readProperty('pressure');
show me the air pressure of the ruuvitag?,ruuvitag.readProperty('pressure');
tell me the pressure of ruuvitag?,ruuvitag.readProperty('pressure');
i would like to know how much air is in the ruuvitag,ruuvitag.readProperty('pressure');
i'd like to know the pressure of the air in ruuvitag,ruuvitag.readProperty('pressure');
i would like to know the air pressure of ruuvitag,ruuvitag.readProperty('pressure');
i want to know the pressure of the air in ruuvitag,ruuvitag.readProperty('pressure');
i'd like to know the air pressure of the ruuvitag,ruuvitag.readProperty('pressure');
give me the air pressure from ruuvitag,ruuvitag.readProperty('pressure');
give me a reading of the air pressure of the ruuvitag,ruuvitag.readProperty('pressure');
give a reading of the air pressure from ruuvitag,ruuvitag.readProperty('pressure');
give a reading of air pressure from ruuvitag,ruuvitag.readProperty('pressure');
give me a pressure reading from ruuvitag,ruuvitag.readProperty('pressure');
give me a ruuvitag air pressure reading,ruuvitag.readProperty('pressure');
give me the pressure reading from ruuvitag,ruuvitag.readProperty('pressure');
please give me the air pressure reading from ruuvitag,ruuvitag.readProperty('pressure');
can you give me a reading of the air pressure from ruuvitag,ruuvitag.readProperty('pressure');
tell me what the current acceleration is?,ruuvitag.readProperty('acceleration');
show me the acceleration of the current in ruuvitag?,ruuvitag.readProperty('acceleration');
can you tell me the current acceleration measured by ruuvitag?,ruuvitag.readProperty('acceleration');
show me the current acceleration measured by ruuvitag?,ruuvitag.readProperty('acceleration');
list the current acceleration measured by ruuvitag?,ruuvitag.readProperty('acceleration');
can you list the acceleration measured by ruuvitag?,ruuvitag.readProperty('acceleration');
what's the current acceleration measured by ruuvitag?,ruuvitag.readProperty('acceleration');
tell me the current acceleration of the ruuvitag?,ruuvitag.readProperty('acceleration');
tell me the speed of the ruuvitag?,ruuvitag.readProperty('acceleration');
tell me what the acceleration value of ruuvitag is now?,ruuvitag.readProperty('acceleration');
can you tell me the acceleration value of ruuvitag right now?,ruuvitag.readProperty('acceleration');
tell me what the acceleration value is in the ruuvitag right now?,ruuvitag.readProperty('acceleration');
show me the acceleration value in the ruuvitag right now?,ruuvitag.readProperty('acceleration');
can you tell me the acceleration value in ruuvitag right now?,ruuvitag.readProperty('acceleration');
tell me the acceleration value of ruuvitag?,ruuvitag.readProperty('acceleration');
what is the acceleration value in ruuvitag right now?,ruuvitag.readProperty('acceleration');
how do you calculate acceleration?,ruuvitag.readProperty('acceleration');
tell me what the acceleration value is?,ruuvitag.readProperty('acceleration');
can you tell me the acceleration value in ruuvitag?,ruuvitag.readProperty('acceleration');
what is the acceleration value according to ruuvitag?,ruuvitag.readProperty('acceleration');
how is acceleration calculated according to ruuvitag?,ruuvitag.readProperty('acceleration');
show the acceleration values of the ruuvitag?,ruuvitag.readProperty('acceleration');
tell me the acceleration value of the ruuvitag?,ruuvitag.readProperty('acceleration');
what's the acceleration value of the ruuvitag?,ruuvitag.readProperty('acceleration');
what acceleration is ruuvitag showing?,ruuvitag.readProperty('acceleration');
what acceleration value does ruuvitag show?,ruuvitag.readProperty('acceleration');
show me the acceleration of the ruuvitag?,ruuvitag.readProperty('acceleration');
what is the acceleration value of the ruuvitag showing?,ruuvitag.readProperty('acceleration');
check speed of the ruuvitag,ruuvitag.readProperty('acceleration');
check the acceleration in the ruuvitag,ruuvitag.readProperty('acceleration');
check the speed of the ruuvitag,ruuvitag.readProperty('acceleration');
check for the acceleration in the ruuvitag,ruuvitag.readProperty('acceleration');
check that the acceleration is measured in the ruuvitag,ruuvitag.readProperty('acceleration');
see if acceleration is measured in the ruuvitag,ruuvitag.readProperty('acceleration');
verify acceleration in ruuvitag,ruuvitag.readProperty('acceleration');
check acceleration measurement in ruuvitag,ruuvitag.readProperty('acceleration');
check the acceleration measurement in the ruuvitag,ruuvitag.readProperty('acceleration');
check acceleration of the ruuvitag,ruuvitag.readProperty('acceleration');
check for the acceleration of the ruuvitag,ruuvitag.readProperty('acceleration');
check the speed value of ruuvitag,ruuvitag.readProperty('acceleration');
check the acceleration of ruuvitag,ruuvitag.readProperty('acceleration');
check acceleration value of ruuvitag,ruuvitag.readProperty('acceleration');
check speed ruuvitag,ruuvitag.readProperty('acceleration');
check acceleration ruuvitag,ruuvitag.readProperty('acceleration');
check the acceleration value ruuvitag,ruuvitag.readProperty('acceleration');
the acceleration value,ruuvitag.readProperty('acceleration');
ruuvitag acceleration,ruuvitag.readProperty('acceleration');
ruuvitag - acceleration value,ruuvitag.readProperty('acceleration');
check acceleration value,ruuvitag.readProperty('acceleration');
check ruuvitag acceleration,ruuvitag.readProperty('acceleration');
show the intensity of acceleration according to ruuvitag,ruuvitag.readProperty('acceleration');
show me the intensity of acceleration according to ruuvitag,ruuvitag.readProperty('acceleration');
can you show me the intensity of acceleration according to ruuvitag,ruuvitag.readProperty('acceleration');
please show me the intensity of acceleration according to ruuvitag,ruuvitag.readProperty('acceleration');
can you show me the intensity of the acceleration according to ruuvitag,ruuvitag.readProperty('acceleration');
please show the acceleration intensity according to ruuvitag,ruuvitag.readProperty('acceleration');
'' show the acceleration value on ruuvitag,ruuvitag.readProperty('acceleration');
look at acceleration in ruuvitag,ruuvitag.readProperty('acceleration');
take a look at the acceleration in ruuvitag,ruuvitag.readProperty('acceleration');
take an look at acceleration in ruuvitag,ruuvitag.readProperty('acceleration');
have a look at acceleration in ruuvitag,ruuvitag.readProperty('acceleration');
read the acceleration in the ruuvitag,ruuvitag.readProperty('acceleration');
ruuvitag acceleration measurement,ruuvitag.readProperty('acceleration');
see acceleration measurements in the ruuvitag,ruuvitag.readProperty('acceleration');
see the acceleration measurement in the ruuvitag,ruuvitag.readProperty('acceleration');
ruuvitag's acceleration measurement,ruuvitag.readProperty('acceleration');
see acceleration in ruuvitag,ruuvitag.readProperty('acceleration');
read the acceleration measurement in the ruuvitag,ruuvitag.readProperty('acceleration');
tell me the speed of the ruuvitag,ruuvitag.readProperty('acceleration');
tell me about the acceleration of the ruuvitag,ruuvitag.readProperty('acceleration');
tell me about the acceleration of ruuvitag,ruuvitag.readProperty('acceleration');
show me the speed of the ruuvitag,ruuvitag.readProperty('acceleration');
tell me how much acceleration is in the ruuvitag,ruuvitag.readProperty('acceleration');
tell me about the acceleration measurement of ruuvitag,ruuvitag.readProperty('acceleration');
can you tell me the acceleration of ruuvitag?,ruuvitag.readProperty('acceleration');
i'd like to know how ruuvitag is going to accelerate,ruuvitag.readProperty('acceleration');
i'd like to know about the acceleration of ruuvitag,ruuvitag.readProperty('acceleration');
i would like to know the acceleration of ruuvitag,ruuvitag.readProperty('acceleration');
i want to know how fast ruvitag is going,ruuvitag.readProperty('acceleration');
i want to know the speed of the ruuvitag,ruuvitag.readProperty('acceleration');
give me a quick speed reading from ruuvitag,ruuvitag.readProperty('acceleration');
give a speed reading of ruuvitag,ruuvitag.readProperty('acceleration');
give me the speed reading from ruuvitag,ruuvitag.readProperty('acceleration');
give me a speed reading of ruuvitag,ruuvitag.readProperty('acceleration');
give me the speed to read the ruuvitag,ruuvitag.readProperty('acceleration');
give me a quick read of the ruuvitag,ruuvitag.readProperty('acceleration');
give me an acceleration read from ruuvitag,ruuvitag.readProperty('acceleration');
give me the acceleration reading of ruuvitag,ruuvitag.readProperty('acceleration');
give the acceleration reading from ruuvitag,ruuvitag.readProperty('acceleration');
show me the current of the battery measured by ruuvitag?,ruuvitag.readProperty('battery');
can you tell me the current of the battery measured by ruuvitag?,ruuvitag.readProperty('battery');
how much current is in a battery measured with the ruvig?,ruuvitag.readProperty('battery');
tell me the current of battery measured by ruuvitag?,ruuvitag.readProperty('battery');
what is the current of the battery measured by ruuvitag?,ruuvitag.readProperty('battery');
what's a current battery measured by ruuvitag?,ruuvitag.readProperty('battery');
show me the battery value in ruuvitag right now?,ruuvitag.readProperty('battery');
can someone tell me the value of battery in the ruuvitag right now?,ruuvitag.readProperty('battery');
can you show me the value of battery in ruuvitag right now?,ruuvitag.readProperty('battery');
tell me what the battery value of the ruuvitag is now?,ruuvitag.readProperty('battery');
can you tell me the battery value of the ruuvitag right now?,ruuvitag.readProperty('battery');
tell me the value of the battery in the ruuvitag right now?,ruuvitag.readProperty('battery');
show me the battery value of ruuvitag right now?,ruuvitag.readProperty('battery');
what is the battery value in the ruuvitag right now?,ruuvitag.readProperty('battery');
show me the battery value of the ruvivag?,ruuvitag.readProperty('battery');
tell me the battery value in ruuvitag right now?,ruuvitag.readProperty('battery');
what is battery value in ruuvitag right now?,ruuvitag.readProperty('battery');
what's the battery value in ruuvitag right now?,ruuvitag.readProperty('battery');
how do you calculate the battery value?,ruuvitag.readProperty('battery');
tell me the value of the battery in the ruuvitag?,ruuvitag.readProperty('battery');
can you tell me the battery value in ruuvitag?,ruuvitag.readProperty('battery');
tell me the battery value of the ruuvitag?,ruuvitag.readProperty('battery');
can you tell me the battery value on the ruuvitag?,ruuvitag.readProperty('battery');
show me the battery of the ruuvitag?,ruuvitag.readProperty('battery');
can you show me the battery value of the ruuvitag?,ruuvitag.readProperty('battery');
what is the battery value of the ruuvitag?,ruuvitag.readProperty('battery');
what is the battery value?,ruuvitag.readProperty('battery');
show me the battery value of ruuvitag?,ruuvitag.readProperty('battery');
make sure the battery is in ruuvitag,ruuvitag.readProperty('battery');
check battery in ruuvitag,ruuvitag.readProperty('battery');
check the battery in the ruuvitag,ruuvitag.readProperty('battery');
ensure the battery is measured in ruuvitag,ruuvitag.readProperty('battery');
make sure that the battery is measured in ruuvitag,ruuvitag.readProperty('battery');
check batteries in ruuvitag,ruuvitag.readProperty('battery');
check the battery size in the ruuvitag,ruuvitag.readProperty('battery');
check battery measurement in ruuvitag,ruuvitag.readProperty('battery');
check the battery value,ruuvitag.readProperty('battery');
check battery ruuvitag,ruuvitag.readProperty('battery');
battery value,ruuvitag.readProperty('battery');
ruuvitag battery,ruuvitag.readProperty('battery');
check battery voltage,ruuvitag.readProperty('battery');
check battery value,ruuvitag.readProperty('battery');
check ruuvitag battery,ruuvitag.readProperty('battery');
show the battery value on the ruuvitag,ruuvitag.readProperty('battery');
display battery value on ruuvitag,ruuvitag.readProperty('battery');
show a battery value based on ruuvitag,ruuvitag.readProperty('battery');
look at the battery in ruuvitag,ruuvitag.readProperty('battery');
have a look at the batteries on ruuvitag,ruuvitag.readProperty('battery');
take a look at the battery in the ruuvitag,ruuvitag.readProperty('battery');
ruuvitag battery measurements,ruuvitag.readProperty('battery');
see battery measurements in the ruuvitag,ruuvitag.readProperty('battery');
see the battery measurement in the ruuvitag,ruuvitag.readProperty('battery');
see battery measurements in ruuvitag,ruuvitag.readProperty('battery');
give me a measurement of ruuvitag's battery,ruuvitag.readProperty('battery');
give me a measure of the ruuvitag battery,ruuvitag.readProperty('battery');
show how much battery is in the ruuvitag,ruuvitag.readProperty('battery');
can you show me how much battery is in ruuvitag,ruuvitag.readProperty('battery');
please show me how much battery is in ruuvitag,ruuvitag.readProperty('battery');
give me a ruuvitag battery reading,ruuvitag.readProperty('battery');
give a battery reading of ruuvitag,ruuvitag.readProperty('battery');
give me a battery reading of ruuvitag,ruuvitag.readProperty('battery');
give me the battery readout of ruuvitag,ruuvitag.readProperty('battery');
can you list the current txpower measured by ruuvitag?,ruuvitag.readProperty('txpower');
show me the current power measured by ruuvitag?,ruuvitag.readProperty('txpower');
can you tell me the current txpower measured by ruuvitag?,ruuvitag.readProperty('txpower');
show the txpowers of currents measured by ruuvitag?,ruuvitag.readProperty('txpower');
what is current power measured by ruuvitag?,ruuvitag.readProperty('txpower');
tell me the current txpower of the ruuvitag?,ruuvitag.readProperty('txpower');
show me the current txpower measured by ruuvitag?,ruuvitag.readProperty('txpower');
show me the power of the ruuvitag?,ruuvitag.readProperty('txpower');
show me the power of ruuvitag?,ruuvitag.readProperty('txpower');
tell me about the power of ruuvitag right now?,ruuvitag.readProperty('txpower');
can you tell me the power of ruuvitag right now?,ruuvitag.readProperty('txpower');
how do you use txpower in ruuvitag?,ruuvitag.readProperty('txpower');
how does txpower work with ruuvitag?,ruuvitag.readProperty('txpower');
how is txpower calculated?,ruuvitag.readProperty('txpower');
how does the txpower calculation work according to ruuvitag?,ruuvitag.readProperty('txpower');
how is txpower calculated in ruuvitag?,ruuvitag.readProperty('txpower');
how does txpower work according to ruuvitag?,ruuvitag.readProperty('txpower');
can you tell me the power of txpower?,ruuvitag.readProperty('txpower');
can you show me the power of txpower?,ruuvitag.readProperty('txpower');
show the values of txpower in the ruuvitag?,ruuvitag.readProperty('txpower');
what are txpower values in ruuvitag?,ruuvitag.readProperty('txpower');
list some of the txpower values in the ruuvitag?,ruuvitag.readProperty('txpower');
tell me the power of the ruuvitag?,ruuvitag.readProperty('txpower');
show the txpower values of the ruuvitag?,ruuvitag.readProperty('txpower');
tell me the txpower value of the ruuvitag?,ruuvitag.readProperty('txpower');
what's the txpower value of the ruuvitag?,ruuvitag.readProperty('txpower');
show me the txpower of the ruuvitag?,ruuvitag.readProperty('txpower');
what is the txpower value of the ruuvitag showing?,ruuvitag.readProperty('txpower');
check your battery in the ruuvitag,ruuvitag.readProperty('txpower');
check the power in ruuvitag,ruuvitag.readProperty('txpower');
txpower ruuvitag,ruuvitag.readProperty('txpower');
check the value of ruuvitag txpower,ruuvitag.readProperty('txpower');
check the ruuvitag txpower,ruuvitag.readProperty('txpower');
check the ruuvitag power txpower,ruuvitag.readProperty('txpower');
txpower based on the value of ruuvitag,ruuvitag.readProperty('txpower');
show the txpower value based on the ruuvitag,ruuvitag.readProperty('txpower');
ruuvitag power tx,ruuvitag.readProperty('txpower');
see the power tx in the ruuvitag,ruuvitag.readProperty('txpower');
read the txpower measurement in the ruuvitag,ruuvitag.readProperty('txpower');
read the power measurement in ruuvitag,ruuvitag.readProperty('txpower');
txpower measurement can be read in ruuvitag,ruuvitag.readProperty('txpower');
you may view the txpower in ruuvitag,ruuvitag.readProperty('txpower');
you can see txpower in ruuvitag,ruuvitag.readProperty('txpower');
you can read the power measurement in ruuvitag,ruuvitag.readProperty('txpower');
tell me about the power of ruuvitag txpower,ruuvitag.readProperty('txpower');
tell me the power of the ruuvitag txpower,ruuvitag.readProperty('txpower');
give me the power measurement of ruuvitag,ruuvitag.readProperty('txpower');
please give me the power measurement of ruuvitag,ruuvitag.readProperty('txpower');
i'd like to know how powerful the ruuvitag is,ruuvitag.readProperty('txpower');
show me the movements of the counter value on ruuvitag right now?,ruuvitag.readProperty('movement_counter');
list the movements of the counter value in ruuvitag right now?,ruuvitag.readProperty('movement_counter');
can you list the movement of the counter in ruuvitag right now?,ruuvitag.readProperty('movement_counter');
can you list the movements of counter value in ruuvitag right now?,ruuvitag.readProperty('movement_counter');
how do you calculate the movement counter value?,ruuvitag.readProperty('movement_counter');
how does ruuvitag calculate the movement counter?,ruuvitag.readProperty('movement_counter');
show the movements counter values of the ruuvitag?,ruuvitag.readProperty('movement_counter');
show me the counter value of the ruuvitag?,ruuvitag.readProperty('movement_counter');
tell me the movement counter value of the ruuvitag?,ruuvitag.readProperty('movement_counter');
what is the movement counter value of the ruuvitag showing?,ruuvitag.readProperty('movement_counter');
check the movement counter in the ruuvitag,ruuvitag.readProperty('movement_counter');
#NAME?,ruuvitag.readProperty('movement_counter');
the movement counter is in ruuvitag,ruuvitag.readProperty('movement_counter');
check movements in the counter,ruuvitag.readProperty('movement_counter');
check the movement counter value of the ruuvitag,ruuvitag.readProperty('movement_counter');
check the value of the ruuvitag movement counter,ruuvitag.readProperty('movement_counter');
you may view the movements in ruuvitag,ruuvitag.readProperty('movement_counter');
you can see a movement counter in ruuvitag,ruuvitag.readProperty('movement_counter');
see motion measurement in ruuvitag,ruuvitag.readProperty('movement_counter');
see movement counter measure in ruuvitag,ruuvitag.readProperty('movement_counter');
see the movement counter measurement in ruuvitag,ruuvitag.readProperty('movement_counter');
give a reading of the movement counter from ruuvitag,ruuvitag.readProperty('movement_counter');
show me the sequence number measured by ruuvitag?,ruuvitag.readProperty('measurement_sequence_number');
can you list the current sequence number measured by ruuvitag?,ruuvitag.readProperty('measurement_sequence_number');
can you tell me the current sequence number measured by ruuvitag?,ruuvitag.readProperty('measurement_sequence_number');
list the current measurement sequence numbers measured by ruuvitag?,ruuvitag.readProperty('measurement_sequence_number');
show me the current measurement sequence numbers measured by ruuvitag?,ruuvitag.readProperty('measurement_sequence_number');
can you list the current measurement sequence numbers measured by ruuvitag?,ruuvitag.readProperty('measurement_sequence_number');
can you show the current measurement sequence number measured by ruuvitag?,ruuvitag.readProperty('measurement_sequence_number');
tell me the measurement sequence number?,ruuvitag.readProperty('measurement_sequence_number');
show me the current sequence number measured by ruuvitag?,ruuvitag.readProperty('measurement_sequence_number');
show sequence number values in ruuvitag right now?,ruuvitag.readProperty('measurement_sequence_number');
can you show the sequence number values in ruuvitag right now?,ruuvitag.readProperty('measurement_sequence_number');
can you list the number of measurements in the sequences shown in the ruuvitag?,ruuvitag.readProperty('measurement_sequence_number');
show me the number of measurements in the sequences that the ruuvitag shows?,ruuvitag.readProperty('measurement_sequence_number');
tell me the number of measurement sequences that the ruuvitag shows?,ruuvitag.readProperty('measurement_sequence_number');
can you tell me the number of measurements in sequences that the ruuvitag shows?,ruuvitag.readProperty('measurement_sequence_number');
check ruuvitag's measurement sequence number,ruuvitag.readProperty('measurement_sequence_number');
check the number of the measurement sequence in ruuvitag,ruuvitag.readProperty('measurement_sequence_number');
check the sequence number in ruuvitag,ruuvitag.readProperty('measurement_sequence_number');
check the measurement of the sequence number in ruuvitag,ruuvitag.readProperty('measurement_sequence_number');
check the sequence number for the measurement of the ruuvitag,ruuvitag.readProperty('measurement_sequence_number');
verify the sequence number of the measurement ruuvitag,ruuvitag.readProperty('measurement_sequence_number');
number of the measurement sequence,ruuvitag.readProperty('measurement_sequence_number');
ruuvitag sequence number,ruuvitag.readProperty('measurement_sequence_number');
the ruuvitag measurement sequence number,ruuvitag.readProperty('measurement_sequence_number');
verify number of measurement sequences,ruuvitag.readProperty('measurement_sequence_number');
ruuvitag - measurement sequence number,ruuvitag.readProperty('measurement_sequence_number');
check the ruuvitag - measurement sequence number,ruuvitag.readProperty('measurement_sequence_number');
check the number of the ruuvitag measurement sequence,ruuvitag.readProperty('measurement_sequence_number');
look at the number of measurements in ruuvitag,ruuvitag.readProperty('measurement_sequence_number');
look at the sequence number in ruuvitag,ruuvitag.readProperty('measurement_sequence_number');
take a look at the number of the measurement sequence in ruuvitag,ruuvitag.readProperty('measurement_sequence_number');
take a look at the sequence number in ruuvitag,ruuvitag.readProperty('measurement_sequence_number');
have a look at the measurement sequence number in ruuvitag,ruuvitag.readProperty('measurement_sequence_number');
give me a number of measurements ruuvitag,ruuvitag.readProperty('measurement_sequence_number');
give me the number of the measurement sequence ruuvitag,ruuvitag.readProperty('measurement_sequence_number');
give me the sequence number ruuvitag,ruuvitag.readProperty('measurement_sequence_number');
tell me the number of measurements of ruuvitag?,ruuvitag.readProperty('measurement_sequence_number');
i'd like to know the number of the measurement sequence of ruuvitag,ruuvitag.readProperty('measurement_sequence_number');
i'd like to know the measurement sequence number of ruuvitag,ruuvitag.readProperty('measurement_sequence_number');
tell me the number of measurements in ruuvitag?,ruuvitag.readProperty('measurement_sequence_number');
i'd like to know the measurement sequence number of the ruuvitag,ruuvitag.readProperty('measurement_sequence_number');
give me a sequence number of the measurements from the ruuvitag,ruuvitag.readProperty('measurement_sequence_number');
can you give me a sequence number of the measurements from ruuvitag,ruuvitag.readProperty('measurement_sequence_number');
give me the sequence number from ruuvitag,ruuvitag.readProperty('measurement_sequence_number');
give me the sequence number reading from ruuvitag,ruuvitag.readProperty('measurement_sequence_number');
give me the number of the measurement sequence of the ruuvitag,ruuvitag.readProperty('measurement_sequence_number');
give me a sequence number from ruuvitag,ruuvitag.readProperty('measurement_sequence_number');
give me the measurement sequence number of ruuvitag,ruuvitag.readProperty('measurement_sequence_number');
please give me the measurement sequence number from ruuvitag,ruuvitag.readProperty('measurement_sequence_number');
can you tell me the air pressure measured by ruuvitag?,ruuvitag.readProperty('pressure');
can you give me the current air pressure measured by ruuvitag?,ruuvitag.readProperty('pressure');
list the air pressure measured by ruuvitag?,ruuvitag.readProperty('pressure');
list current air pressure measured by ruuvitag?,ruuvitag.readProperty('pressure');
show me the current air pressure measured by ruuvitag?,ruuvitag.readProperty('pressure');
show me the air pressure measured by ruuvitag?,ruuvitag.readProperty('pressure');
how can i measure air pressure using ruvivag?,ruuvitag.readProperty('pressure');
show air pressures measured in the ruvivag?,ruuvitag.readProperty('pressure');
can you show air pressures measured in the ruvivag?,ruuvitag.readProperty('pressure');
can you list the air pressures measured in the ruvivag?,ruuvitag.readProperty('pressure');
show me the air pressure in the ruuvitag?,ruuvitag.readProperty('pressure');
can you tell me what is air pressure?,ruuvitag.readProperty('pressure');
tell me the air pressure in ruuvitag?,ruuvitag.readProperty('pressure');
tell me what's the air pressure in ruuvitag?,ruuvitag.readProperty('pressure');
can you tell me the air pressure in ruuvitag?,ruuvitag.readProperty('pressure');
can you give me a value of air pressure in ruuvitag?,ruuvitag.readProperty('pressure');
can you show me the pressure in the ruuvitag right now?,ruuvitag.readProperty('pressure');
please show me the pressure in the ruuvitag right now?,ruuvitag.readProperty('pressure');
show me what's going on with ruuvitag right now?,ruuvitag.readProperty('pressure');
can you show me the pressure on ruuvitag right now?,ruuvitag.readProperty('pressure');
please show me the pressure on ruuvitag right now?,ruuvitag.readProperty('pressure');
can you show me the air pressure in the ruuvitag?,ruuvitag.readProperty('pressure');
can you show the air pressure in the ruuvitag?,ruuvitag.readProperty('pressure');
please show me the air pressure in the ruuvitag?,ruuvitag.readProperty('pressure');
what's the air pressure in the ruuvitag right now?,ruuvitag.readProperty('pressure');
give me air pressure in the ruuvitag right now?,ruuvitag.readProperty('pressure');
can you give me the air pressure in the ruuvitag right now?,ruuvitag.readProperty('pressure');
what pressure is there on ruuvitag?,ruuvitag.readProperty('pressure');
show me what's going on in ruuvitag right now?,ruuvitag.readProperty('pressure');
tell me the pressure in the ruuvitag right now?,ruuvitag.readProperty('pressure');
do you know the air pressure in the ruuvitag?,ruuvitag.readProperty('pressure');
can you tell me what the air pressure is in the ruuvitag right now?,ruuvitag.readProperty('pressure');
can you tell me the pressure in the ruuvitag right now?,ruuvitag.readProperty('pressure');
show me air pressure in the ruuvitag right now?,ruuvitag.readProperty('pressure');
can you show me the air pressure in ruuvitag right now?,ruuvitag.readProperty('pressure');
show air pressure values in the ruuvitag?,ruuvitag.readProperty('pressure');
can you show air pressure values in the ruuvitag?,ruuvitag.readProperty('pressure');
can you list the air pressure values in the ruuvitag?,ruuvitag.readProperty('pressure');
tell me what the air pressure in the ruuvitag is,ruuvitag.readProperty('pressure');
tell me the value of the air pressure in the ruuvitag right now?,ruuvitag.readProperty('pressure');
can you tell me the value of air pressure in the ruuvitag right now?,ruuvitag.readProperty('pressure');
how much air pressure is in the ruuvitag?,ruuvitag.readProperty('pressure');
show me the air pressure value in the ruuvitag?,ruuvitag.readProperty('pressure');
can anyone tell me the air pressure value of the ruuvitag?,ruuvitag.readProperty('pressure');
show me the pressure in ruuvitag?,ruuvitag.readProperty('pressure');
can you show me the air pressure in ruuvitag?,ruuvitag.readProperty('pressure');
please show me the air pressure in ruuvitag?,ruuvitag.readProperty('pressure');
show me the value of the air pressure in ruuvitag?,ruuvitag.readProperty('pressure');
how do you calculate air pressure?,ruuvitag.readProperty('pressure');
what pressure is there in the ruuvitag?,ruuvitag.readProperty('pressure');
can you tell me the pressure of the ruuvitag?,ruuvitag.readProperty('pressure');
show me the pressure on the ruuvitag?,ruuvitag.readProperty('pressure');
can you show me the pressure on the ruuvitag?,ruuvitag.readProperty('pressure');
can you show me the air pressure on the ruuvitag?,ruuvitag.readProperty('pressure');
please show me the air pressure on the ruuvitag?,ruuvitag.readProperty('pressure');
can you tell me the air pressure on the ruuvitag?,ruuvitag.readProperty('pressure');
show me the pressure of the air?,ruuvitag.readProperty('pressure');
can you show me the pressure of the air?,ruuvitag.readProperty('pressure');
can you show me the air pressure of ruuvitag?,ruuvitag.readProperty('pressure');
please show me the air pressure of ruuvitag?,ruuvitag.readProperty('pressure');
tell me the pressure in the ruuvitag?,ruuvitag.readProperty('pressure');
can you tell me the air pressure in the ruuvitag?,ruuvitag.readProperty('pressure');
show me the air pressure?,ruuvitag.readProperty('pressure');
how much air pressure is it?,ruuvitag.readProperty('pressure');
what's the air pressure on the ruuvitag?,ruuvitag.readProperty('pressure');
what is the air pressure ruuvitag showing?,ruuvitag.readProperty('pressure');
can you list the air pressures?,ruuvitag.readProperty('pressure');
tell me the air pressure?,ruuvitag.readProperty('pressure');
what's air pressure?,ruuvitag.readProperty('pressure');
can you show me the air pressure?,ruuvitag.readProperty('pressure');
can you show me the air pressure value?,ruuvitag.readProperty('pressure');
tell me what the air pressure value of the ruuvitag?,ruuvitag.readProperty('pressure');
can you tell me the air pressure value of the ruuvitag?,ruuvitag.readProperty('pressure');
tell me the pressure of air in the ruuvitag?,ruuvitag.readProperty('pressure');
show me the air pressure values on ruuvitag?,ruuvitag.readProperty('pressure');
what is the air pressure value of the ruuvitag?,ruuvitag.readProperty('pressure');
air pressure in the ruuvitag,ruuvitag.readProperty('pressure');
the air pressure in the ruuvitag,ruuvitag.readProperty('pressure');
see the pressure in the ruuvitag,ruuvitag.readProperty('pressure');
look at the pressure in the ruuvitag,ruuvitag.readProperty('pressure');
look at pressure in ruuvitag,ruuvitag.readProperty('pressure');
look at air pressure in ruuvitag,ruuvitag.readProperty('pressure');
have a look at pressure in ruuvitag,ruuvitag.readProperty('pressure');
check the pressure in the ruuvitag,ruuvitag.readProperty('pressure');
check pressure in the ruuvitag,ruuvitag.readProperty('pressure');
verify air pressure in the ruuvitag,ruuvitag.readProperty('pressure');
check air pressure measurements in the ruuvitag,ruuvitag.readProperty('pressure');
check the air pressure measurements on the ruuvitag,ruuvitag.readProperty('pressure');
confirm measurements of air pressure in the ruuvitag,ruuvitag.readProperty('pressure');
verify air pressure measurements in the ruuvitag,ruuvitag.readProperty('pressure');
confirm air pressure measurements at the ruuvitag,ruuvitag.readProperty('pressure');
confirm the air pressure measurements in ruuvitag,ruuvitag.readProperty('pressure');
confirm air pressure measurement in ruuvitag,ruuvitag.readProperty('pressure');
verify the air pressure measurement in the ruuvitag,ruuvitag.readProperty('pressure');
confirm the air pressure measurements in the ruuvitag,ruuvitag.readProperty('pressure');
pressure check,ruuvitag.readProperty('pressure');
a pressure check,ruuvitag.readProperty('pressure');
check the pressure,ruuvitag.readProperty('pressure');
check pressure,ruuvitag.readProperty('pressure');
check the pressure ruuvitag,ruuvitag.readProperty('pressure');
check the air pressure of the ruuvitag,ruuvitag.readProperty('pressure');
air pressure ruuvitag,ruuvitag.readProperty('pressure');
pressure,ruuvitag.readProperty('pressure');
a little pressure,ruuvitag.readProperty('pressure');
pressure of air,ruuvitag.readProperty('pressure');
the pressure is ruuvitag,ruuvitag.readProperty('pressure');
pressure ruuvitag,ruuvitag.readProperty('pressure');
check pressure of air,ruuvitag.readProperty('pressure');
please display air pressure intensity according to the ruuvitag,ruuvitag.readProperty('pressure');
please indicate the air pressure intensity according to the ruuvitag,ruuvitag.readProperty('pressure');
show air pressure intensity according to ruuvitag,ruuvitag.readProperty('pressure');
display pressure on ruuvitag,ruuvitag.readProperty('pressure');
show the air pressure on the ruuvitag,ruuvitag.readProperty('pressure');
show air pressure on the ruuvitag,ruuvitag.readProperty('pressure');
show air pressure on the basis of ruuvitag,ruuvitag.readProperty('pressure');
show the air pressure based on the ruuvitag,ruuvitag.readProperty('pressure');
display air pressure based on ruuvitag,ruuvitag.readProperty('pressure');
display the air pressure values based on ruuvitag,ruuvitag.readProperty('pressure');
show a value of air pressure based on the ruuvitag,ruuvitag.readProperty('pressure');
show air pressure based on the ruuvitag,ruuvitag.readProperty('pressure');
show an air pressure based on the ruuvitag,ruuvitag.readProperty('pressure');
a pressure value based on ruuvitag,ruuvitag.readProperty('pressure');
show the pressure value based on ruuvitag,ruuvitag.readProperty('pressure');
a value of air pressure based on the ruuvitag,ruuvitag.readProperty('pressure');
display air pressure based on the ruuvitag,ruuvitag.readProperty('pressure');
display an air pressure value based on ruuvitag,ruuvitag.readProperty('pressure');
display a pressure value based on the ruuvitag,ruuvitag.readProperty('pressure');
show air pressure value based on the ruuvitag,ruuvitag.readProperty('pressure');
ruuvitag measurements of air pressure,ruuvitag.readProperty('pressure');
air pressure measurements,ruuvitag.readProperty('pressure');
the ruuvitag air pressure measurements,ruuvitag.readProperty('pressure');
see air pressure measurements in ruuvitag,ruuvitag.readProperty('pressure');
air pressure measurements in the ruuvitag,ruuvitag.readProperty('pressure');
see the air pressure measurement in the ruuvitag,ruuvitag.readProperty('pressure');
refer to air pressure measurements in the ruuvitag,ruuvitag.readProperty('pressure');
refer to the air pressure measurement in the ruuvitag,ruuvitag.readProperty('pressure');
re refer to the air pressure measurements in the ruuvitag,ruuvitag.readProperty('pressure');
ruuvitag measurement of air pressure,ruuvitag.readProperty('pressure');
air pressure measurement,ruuvitag.readProperty('pressure');
the ruuvitag air pressure measurement,ruuvitag.readProperty('pressure');
take a look at air pressure measurements in the ruuvitag,ruuvitag.readProperty('pressure');
take a look at the air pressure in the ruuvitag,ruuvitag.readProperty('pressure');
read air pressure measurement in the ruuvitag,ruuvitag.readProperty('pressure');
give me air pressure in the ruuvitag,ruuvitag.readProperty('pressure');
give me the pressure in ruuvitag,ruuvitag.readProperty('pressure');
give me an estimation of the pressure in the ruuvitag,ruuvitag.readProperty('pressure');
give an estimate of the pressure in the ruuvitag,ruuvitag.readProperty('pressure');
give me an estimate of pressure in ruuvitag,ruuvitag.readProperty('pressure');
give me a estimate of the pressure in ruuvitag,ruuvitag.readProperty('pressure');
give an air pressure measurement in the ruuvitag,ruuvitag.readProperty('pressure');
give a measurement of the air pressure in the ruuvitag,ruuvitag.readProperty('pressure');
give me a measure of the air pressure in the ruuvitag,ruuvitag.readProperty('pressure');
a measure of air pressure in the ruuvitag,ruuvitag.readProperty('pressure');
give me an air pressure measurement in ruuvitag,ruuvitag.readProperty('pressure');
give a measurement of air pressure in ruuvitag,ruuvitag.readProperty('pressure');
tell me the pressure of the ruuvitag,ruuvitag.readProperty('pressure');
tell me what's the air pressure of the ruuvitag,ruuvitag.readProperty('pressure');
tell me about the pressure of ruuvitag,ruuvitag.readProperty('pressure');
tell me what the air pressure of the ruuvitag is,ruuvitag.readProperty('pressure');
can you tell me the air pressure of the ruuvitag,ruuvitag.readProperty('pressure');
tell me about the air pressure measurement on the ruuvitag,ruuvitag.readProperty('pressure');
can you give me the air pressure in ruuvitag?,ruuvitag.readProperty('pressure');
can you measure the air pressure of ruuvitag?,ruuvitag.readProperty('pressure');
could someone please give me a measurement of the air pressure of ruuvitag?,ruuvitag.readProperty('pressure');
tell me the pressure of the air in ruuvitag?,ruuvitag.readProperty('pressure');
can you tell me the pressure of the air?,ruuvitag.readProperty('pressure');
can you give me the air pressure of the ruuvitag?,ruuvitag.readProperty('pressure');
tell me what the air pressure is?,ruuvitag.readProperty('pressure');
show me the pressure of the ruuvitag?,ruuvitag.readProperty('pressure');
can you tell me what the air pressure of the ruuvitag is?,ruuvitag.readProperty('pressure');
can you show me the pressure of the ruuvitag?,ruuvitag.readProperty('pressure');
can you show me the air pressure of the ruuvitag?,ruuvitag.readProperty('pressure');
can you tell me the pressure of ruuvitag?,ruuvitag.readProperty('pressure');
how much air is in the ruuvitag?,ruuvitag.readProperty('pressure');
i'd like to know how much air there is in the ruuvitag,ruuvitag.readProperty('pressure');
i would like to know how much air there is in the ruuvitag,ruuvitag.readProperty('pressure');
i'd like to know the pressure of air in ruuvitag,ruuvitag.readProperty('pressure');
i would like to know the pressure of the air in ruuvitag,ruuvitag.readProperty('pressure');
i would like to know how much air the ruuvitag has,ruuvitag.readProperty('pressure');
i want to know the pressure of air in ruuvitag,ruuvitag.readProperty('pressure');
i'd like to know the pressure of the ruuvitag,ruuvitag.readProperty('pressure');
i would like to know the air pressure of the ruuvitag,ruuvitag.readProperty('pressure');
give me the pressure of ruuvitag,ruuvitag.readProperty('pressure');
give me a little air pressure from ruuvitag,ruuvitag.readProperty('pressure');
give me a measurement of the pressure of the ruuvitag,ruuvitag.readProperty('pressure');
give me an indication of the air pressure of the ruuvitag,ruuvitag.readProperty('pressure');
give a reading of the pressure of the ruuvitag,ruuvitag.readProperty('pressure');
give an air pressure reading from ruuvitag,ruuvitag.readProperty('pressure');
give a pressure reading of ruuvitag,ruuvitag.readProperty('pressure');
give me a pressure reading of ruuvitag,ruuvitag.readProperty('pressure');
give me a reading of the air pressure,ruuvitag.readProperty('pressure');
give me the air pressure reading,ruuvitag.readProperty('pressure');
give me an air pressure reading,ruuvitag.readProperty('pressure');
give me the pressure reading of ruuvitag,ruuvitag.readProperty('pressure');
please show the pressure reading of the ruuvitag,ruuvitag.readProperty('pressure');
please give me the pressure reading from ruuvitag,ruuvitag.readProperty('pressure');
can you give me a reading of air pressure from ruuvitag,ruuvitag.readProperty('pressure');
tell me the acceleration?,ruuvitag.readProperty('acceleration');
show me the current acceleration?,ruuvitag.readProperty('acceleration');
can you tell me what the current acceleration is?,ruuvitag.readProperty('acceleration');
show me the acceleration of current in ruuvitag?,ruuvitag.readProperty('acceleration');
can you tell me the acceleration of the current in ruuvitag?,ruuvitag.readProperty('acceleration');
can you show the acceleration of the current in ruuvitag?,ruuvitag.readProperty('acceleration');
can you show me the acceleration of the current in ruuvitag?,ruuvitag.readProperty('acceleration');
tell me the acceleration measured by ruuvitag?,ruuvitag.readProperty('acceleration');
can you tell me the acceleration measured by ruuvitag?,ruuvitag.readProperty('acceleration');
can you show the current acceleration measured by ruuvitag?,ruuvitag.readProperty('acceleration');
can you show me the current acceleration measured by ruuvitag?,ruuvitag.readProperty('acceleration');
list current acceleration measured by ruuvitag?,ruuvitag.readProperty('acceleration');
can you list the speed of ruuvitag?,ruuvitag.readProperty('acceleration');
show me the acceleration measured by ruuvitag?,ruuvitag.readProperty('acceleration');
list the acceleration measured by ruuvitag?,ruuvitag.readProperty('acceleration');
tell me the current acceleration of ruuvitag?,ruuvitag.readProperty('acceleration');
can you list the current acceleration of the ruuvitag?,ruuvitag.readProperty('acceleration');
tell me the current speed of ruuvitag?,ruuvitag.readProperty('acceleration');
tell me about the current acceleration of the ruuvitag?,ruuvitag.readProperty('acceleration');
can you tell me the current acceleration of the ruuvitag?,ruuvitag.readProperty('acceleration');
show me the speed?,ruuvitag.readProperty('acceleration');
tell me the speed of ruuvitag?,ruuvitag.readProperty('acceleration');
can you tell me the speed of the ruuvitag?,ruuvitag.readProperty('acceleration');
show me the acceleration value of the ruuvitag now?,ruuvitag.readProperty('acceleration');
tell me the acceleration value of ruuvitag now?,ruuvitag.readProperty('acceleration');
tell me what the acceleration value of the ruuvitag is now?,ruuvitag.readProperty('acceleration');
can you tell me what the acceleration value of ruuvitag is now?,ruuvitag.readProperty('acceleration');
show me the acceleration value of ruuvitag?,ruuvitag.readProperty('acceleration');
can you give me a speed value of ruuvitag right now?,ruuvitag.readProperty('acceleration');
show me the acceleration value in ruuvitag right now?,ruuvitag.readProperty('acceleration');
tell me the acceleration value in the ruuvitag right now?,ruuvitag.readProperty('acceleration');
can you tell me what the acceleration value is in the ruuvitag right now?,ruuvitag.readProperty('acceleration');
can you show me the acceleration value in ruuvitag right now?,ruuvitag.readProperty('acceleration');
can you show me the acceleration value in the ruuvitag right now?,ruuvitag.readProperty('acceleration');
show me the acceleration value in ruuvitag?,ruuvitag.readProperty('acceleration');
can you give me a speed value in ruuvitag right now?,ruuvitag.readProperty('acceleration');
tell me what the acceleration value of ruuvitag is?,ruuvitag.readProperty('acceleration');
can you tell me the acceleration value of ruuvitag?,ruuvitag.readProperty('acceleration');
how can i calculate acceleration?,ruuvitag.readProperty('acceleration');
how do you calculate the acceleration?,ruuvitag.readProperty('acceleration');
show me the acceleration value?,ruuvitag.readProperty('acceleration');
tell me the acceleration value?,ruuvitag.readProperty('acceleration');
tell me what is the acceleration value?,ruuvitag.readProperty('acceleration');
can you tell me what the acceleration value is?,ruuvitag.readProperty('acceleration');
can you give me a speed value in ruuvitag?,ruuvitag.readProperty('acceleration');
can you tell me the acceleration value of the ruuvitag?,ruuvitag.readProperty('acceleration');
how is the acceleration calculated according to ruuvitag?,ruuvitag.readProperty('acceleration');
show acceleration values of the ruuvitag?,ruuvitag.readProperty('acceleration');
can you list the acceleration values of the ruuvitag?,ruuvitag.readProperty('acceleration');
can you show the acceleration values of ruuvitag?,ruuvitag.readProperty('acceleration');
shows the acceleration values of the ruuvitag?,ruuvitag.readProperty('acceleration');
tell me what the acceleration value of the ruuvitag?,ruuvitag.readProperty('acceleration');
tell me the acceleration of the ruuvitag?,ruuvitag.readProperty('acceleration');
show me the acceleration value of the ruuvitag?,ruuvitag.readProperty('acceleration');
show me the acceleration of ruuvitag?,ruuvitag.readProperty('acceleration');
what speed is ruuvitag showing?,ruuvitag.readProperty('acceleration');
how much acceleration does ruuvitag show?,ruuvitag.readProperty('acceleration');
what acceleration does ruuvitag show?,ruuvitag.readProperty('acceleration');
how does ruuvitag show acceleration?,ruuvitag.readProperty('acceleration');
can you show the acceleration of the ruuvitag?,ruuvitag.readProperty('acceleration');
can you show me the acceleration of the ruuvitag?,ruuvitag.readProperty('acceleration');
please show me the acceleration of the ruuvitag?,ruuvitag.readProperty('acceleration');
show the acceleration values for ruuvitag?,ruuvitag.readProperty('acceleration');
speed of the ruuvitag,ruuvitag.readProperty('acceleration');
check acceleration in the ruuvitag,ruuvitag.readProperty('acceleration');
check for acceleration in the ruuvitag,ruuvitag.readProperty('acceleration');
make sure you check for acceleration in the ruuvitag,ruuvitag.readProperty('acceleration');
verify acceleration is measured in the ruuvitag,ruuvitag.readProperty('acceleration');
check the acceleration is measured in the ruuvitag,ruuvitag.readProperty('acceleration');
ensure that the acceleration is measured in the ruuvitag,ruuvitag.readProperty('acceleration');
make sure that the acceleration is measured in the ruuvitag,ruuvitag.readProperty('acceleration');
see whether acceleration is measured in the ruuvitag,ruuvitag.readProperty('acceleration');
confirm the speed of the ruuvitag,ruuvitag.readProperty('acceleration');
verify acceleration measurement in the ruuvitag,ruuvitag.readProperty('acceleration');
control of the acceleration of the ruuvitag,ruuvitag.readProperty('acceleration');
verify ruuvitag's speed,ruuvitag.readProperty('acceleration');
check the speed of ruuvitag,ruuvitag.readProperty('acceleration');
check the acceleration value of the ruuvitag,ruuvitag.readProperty('acceleration');
speed check,ruuvitag.readProperty('acceleration');
check your speed,ruuvitag.readProperty('acceleration');
check speed,ruuvitag.readProperty('acceleration');
check the speed ruuvitag,ruuvitag.readProperty('acceleration');
check acceleration,ruuvitag.readProperty('acceleration');
check the acceleration ruuvitag,ruuvitag.readProperty('acceleration');
